{"file_hashes":[{"block_hashes":["SqjTmu/yy03ogLVuWOuYNRPyRg4GbeZBkr0HAO8kh4o=","D0H0Cgriv/mLzdhoYQfRni+gTAdafSFzlNBORS9XOPc=","Uh10MCAVOFLfAo28yda/aYvUVPdb2UTzOXcEvyGgFvo=","SlgF3L06fQ3Jz0AGmkOPG0hV7gz89beAFqIQoV/4e2c=","T5met2L2pJCfxRcUDxShdR+be3ItJHQdSpyTscDX5xM=","iXnKI7e1Eqd5IhlSpIXm8M7XOOQHBaEOMemXDPz+bhU=","uaLC90sUK1TCvKMR4CTEnM6ur7HHnPSfjnNrH0kS0YU=","bIF2T/TqlDxnd144eXfYhQ6XHAN6wLPwKe79swlzd+8="],"block_size":4096,"path":"3rdpartylicenses.txt"},{"block_hashes":["r/a6rEluBd8rZMIA9hkUI5KEUklyCdXk9+DvnTvqEVA=","Hi0dkED+Ivpj7/Ux+HOAIG3CaNmrqQ1kd8gdAzOkp1g=","YOhODj4v9i1ljbP9NXrMpyQZpzATe4TClKt3gAc3vGs=","Odb6ZhdjAdPtuwodjOmmGf8h7FaP8EOuNpkU92ubCUo=","qiLIs75abXn8ApgpcJa2Tj/albBAwjjaYcnRvcAHRJE=","vHBY11fUhjoh5ly3HSQuDa8fxSFMweutcHgwZ1+zHKg=","Co12AKnhq/iCjYD8TwJHuQj5r+6GKAoPO/0hdQ1ZHeY=","KvvBnIfSdivUUWBUXdoZj/xvf302u0/726Qvf17BxJQ=","4A3wWOGNm+0xwJ0pvXBTw5III3UtedLSfz/nCWtTWtw=","w84PUMLhlH4xZOJJKq/hEHNXv58H8R/cOQ1Np4kerx0=","f2+pHI/w4fMUeG1MVaZ/9hG6eNesyjC5n9om0FlHQ7k=","Y4ZpFgy/JXMHVa8PESB4hs3PWDxF4XVi70p0Fgeul9o=","XMG/htWXG7cm+dAz3mue9FaRWIlKNCyj8Qlb9+GPerg=","Ppuby/8k7whphvJ/YyW+BUtNyz9m2QbcQjx/xREDtcY=","4AReyFf6Q8l/jm2POOy0YR4bNFIsLb0Ip0ZRfvfNHrw="],"block_size":4096,"path":"es2015-polyfills.js"},{"block_hashes":["PGmW8ujNK4WeYo+ryzkq4BVc3OtC4Hp+l6gsuo+EZNk="],"block_size":4096,"path":"img/browser-icon-16.png"},{"block_hashes":["dyYqmUjo7xmBuMDFl/XDYaUa/WqVWV/ryMrvAoquN6Y="],"block_size":4096,"path":"img/browser-icon-32.png"},{"block_hashes":["Gl35EVgSIR2riIMDLmVgO2Kl8/Qf+e8R25a5NUNXxlk="],"block_size":4096,"path":"img/browser-icon-64.png"},{"block_hashes":["Feznifpp2M2y+mqRERh9/D+y4g9GmVrjW31WNkFiZKU="],"block_size":4096,"path":"img/lacuna-footer.png"},{"block_hashes":["kvV2AsIZq2ndUBKeZXAP1WUk07EBeoZuctc2bhVfMgc="],"block_size":4096,"path":"img/symbol-round-mono-48.png"},{"block_hashes":["5Xj2+3FOAMvzC2L39GmCoo4M6l2MQfrj9pxtkAco+lU=","01LvO04VEQHjyi/lsPg1GOfPetwsqBaqY/r7E00Xbks=","t+BzzU5ARjftCrcFXWrGsJHvmco2tYhTu3P6VHbzDwg=","i15K5YwKTMFJeTzZUTUC4sMaIiN2mSxGWcF72F4bj6k=","wfo81ZX2kfYsxuVdmwSnAz6x6LcvjvxbWExakNsmNdc=","DhUPxIakDaV7dCE9jYtjuig1/k+wNrwrgt6+oxCBqwE=","AJRrA3k7FCy5P17WuE3MIy++gyjBHldv07qEqGoaWgM=","fXTMXHLwOIw79i1OTw5Z9GXm2mKJGORN1vfT5ZLVHYE=","76yx4qj5Lv4gjRt9rUVkD95NqqwvMGhu2TWjHV0b1Cw=","/vnp694sNJuJe0JEi2Zol1zsNNk50Zsmnwdvq0f4oJM=","hUnxYr6yY5mRz8D8/rlW3OTvJA4as+QCS+nCyYVZ/Hw=","5nM1zaiMoDT4gis+qdNKkO00ALZP/uyOh2kyd++zQmg=","BS/MQ1lMiwIZ79N7kqNPsGdAwr02QhoXY0a5XY0DTrk=","FbZzx9FNrBrWGH+rmzacTRtVqpDo8tn4f1zTGDDV+vY=","LzyznNeRnVB6S/JTdi6Dvz54il/Umf2Oghke0o4YRQQ=","ieSp/4n+2vInU9fblx9Ocxw+O+B43QJlm6Qp3XzwGTo=","gFqYRwP2gO0y0oW7nICYcmKfywWARZ43Ipp2U2T6ZS0=","OXjBpsJN6pdPAf+zZj7ujqsvlSRbUvOArStfjwWfyVU=","eghpGWIJ8e7Qy3+AKX0PyxhUJsNPy/Y0BAPhU2ZURw0=","Ug3YwtzwW8qe2979xe0imbUUzLSDS0pp0xLlDi0InJw=","c1YtTs2AXZn2rV94D50WEdBzACXJsEUEsNvXqLeWoLo=","/yOV3iMxHA4w6aDc857cDlw7G2wDcVfMr69278zCaWE=","G2ij1Q3Bzw0odT7J9A/J6WPjvpxjPJltY7KbM5eoS6c=","iFn6sWWTTTuVWcpYyfAEdsyNaY2WW9XoGhdXTGaV1f0=","/s12uoj+4OolrrcvOQnNPCoeOEZyMH7BRYBLe+BF+U8=","bR5VdNX9DTWm1cj56fIqcvc1DrYpBKpPMZ75wEowMHk=","Nx2H7JqVo71wPX+x0zgDlUxx9xtoDktFnSbTFaGkXnw=","W/h25hHixtYANhLX6BV8x31xwv11dIY0q62DtUG2WLg=","Wu+dlZ3z2B8kUiQwROn2/tH3neJQmLDCYeA5RqBwPLY=","iMZNOE+F5bIqhmb1GKxScD5bC/v06uoDHFCXuxyYyi8=","JKi/1r0Qjwd77r/2iYiFZQuNtWuWAZY+a6IHlIZF9rg=","FZB5O5rPmMYmaPMlQJmdE8rPYfHMDwuEIXSyObkNsqI=","2GY8cNt0x+yYXCORK7AUT1IDxmstCFg/DGhAhE4LWXU=","63KKP8qN0CzHf8/KxMxLI7R7j7o49t4eKxUF+OWS9pY=","Vm/fneNIPmVETypMY5oIUsW/w6h2rgAztaswRBYI5Uo=","hg8iwV1aIOEVk1Udeu1JEnyxwTA7oEJUHEQgHSdgWRs=","B/+JgbZwntmTKl1R5/IXHz5H3E5ehSrP2uX06U0MMRs=","d3Vh2iD0Ry7i9o6IYiefkBbhHPDf5edDHIFcy2ccaT8=","7xoJ3deFJ9WIYbopHE4IVgmF8YuHsWU3O33cWbnzvRs=","66rG30d28+sunJNsTsgj44G8uN6APEZStnMa4je9Kcw=","qY1h3cao0V/STH3eTvwy2cTEFVDtIDMFRWAltstzN8Q=","C3L/jSjdbrgm7wlzMzYzg8W/yS/ccbEuIjO3DD0ywro=","2Qwa02/XK6Kiwoyt1rGTYLzRLxoFHts9kutCNw1iai0=","XsukHayNMvDRmAkfUJmhEgaim3kq3LLvPE4iztvtcNM=","pLbx4kJRKQTrPqZwKClWNFUiT9baQeLYqjBBKXVJ4p4=","0fOQA+9oveAZ2DOIrbSW/0mPJaYys2f1+gHfwXg/4Go=","U0DKaTxdQvW4Q1XBA43miwmD8Ev2vzjajfKRvs5nRDk=","VP5ai3A5intzW2Fi1LjMEP0LtBlLjTuGfe5uQvFiV80=","oWZ2DmxV+f5UVa4k2uAjbaj88KgRTUGbFOlkTI4UR0s=","CPBPDWAOyvg4ZsHxxwa1gbuQvNEjlXc4q1nuMCU+0/M=","cwFp6jY+wgxA2FZ25CDcoB7DuRQVxpDeSTRFQjXoU54=","1GjRstOFKkchSsOJf8MSNh44Na3tC7o4uGg9cRZsiVE=","MgChIJvXK9fM0PKbkhcK3bpRuKd2GDwrNeuMA0OMFzA=","hznvyY8E8KPJeI24gUlO/5QvXfk2U/2JJ2whvUoR/fc=","YnMX1YD3ViPbCmmEKp5u+sLnLN/K9jj1hm1+Tti7AxU=","GsZl6OFo85jK261cWPbqIimP4Xv9ZdbCWAFVFHwc8hU=","ov+3WFQRc37DR7ZSxwQuvDCXCh/EYg0p+9Pe6M1B6rQ=","/PF3OyXfFWnsw++P0u8ldw1sOM8J02Zdz+/EXeEvdrY=","bNO+crlF14bCwnJRJFfZEuENpN/XXKxVwLncUy1TiIE=","jP4BjrTrCqcAzvoOyiMN6G8tplfQrR8exTVIrTJXAYg=","uI0r38soyM4ngkIT0P3EpE+jjVUYdn8eT7oY5dfHAFE=","YdkiY1QWpWlot/tKQVhmCE1gHOdBphEciR9MEn4E9mM=","+HBUQfxWAcUw/u9pAhOgpbhzqZsOacoBqfyMm4BnqOY=","PoJ+qSkVmyi8+VQZEzJmbC0NE18A9gVGjl3lP2Ctbjk=","Zh4B2J4OeZO5N/UOsYoe3czcF6Nq/e8rRWm/sbfKwIA=","dnjhzt9ryAQzjLMQCeu//DKtQKBTJNsrEAZnBKz7qJs=","4EwV4LWZTkyys34m0CIbbfJstBFMYKQn1qiRMWngrLA=","Aw3JKdpCG000GKUy1Jr44BXuFcU1GCn0XfHeWV4kekU=","gRlW/9+KZqzQnhhnrg3CwVsFD2zpYh7GXIm50rB8KjA=","Oq/pzxdtjx8SgxHqy8OZxsvM/Ptq6zjXqgGeya/f5hk=","9pfItk5dkmghbrwSP1ALlLLNWsIxfmKqWhBXWceAP2U=","be8bOgnIPsQPcb0WhykIrGRr2LeIvVeIwsAJVq529aY=","pCTQjLLmbXB2T85llwg7vJCWGwU5eBsWJR3fFzR3CWc=","SELZ9cj11Qizq7oNrCm7nIedi24qtYB0k5TBexnyJ/w=","WpKaJsXkwvA3lO4UgBPpBwpOekQiV50uePgkQm0kAkY=","Q3aN7YvrQSLuU+ZSawQ/ayD+BZojyDOJeHb4YGp3KtA=","wPID8dYNVSSMHll+6rh6djsfCB54q5oNSN27kEkxAMg=","9aZjm5qyrSMXdvxq3kDC9v/d65BCSUflt+8996fXTuo=","zpCTOkShoXrXYJZrNjL/iHUYguU6EZw/+HqFvzApkQM=","nEZY9TrIQVMTpoZw0U2LYQpCB0tv2TdjdTd4A5FLycQ=","QywtXg0k7myzX6WxbJXvRzAwagi6MjmPk0pUAz6N4x4=","+lsEkY10N/Z7Ut4pC/VnmhPIT1SFTkelATa36/QSt40=","ReziufNbLj2kvYu3vhoUgIs91xxwf8q5hWYPgTbD0Aw=","SJKP9xXjqgQyA7lABVjb9E4VFrPYCCzj9JXQ5hEkvd0=","Lr+22MGOE2R9+aSFqrGT1m6yIcGst7xQY51GUV9QIKY=","+VEYnI6ktbwNuyp1pWz+9inWfUMFOMbC40rT287Q1rU=","fZ7jeaQfH8XiUx4kz2QnCUI154TlwrVYLTg1SlQHCAA=","q0ZntsIrtyWxp9sDt9o+Retvz25n+izDGuTDkt27P5k=","ZSAlyZ1v41yH7MChH5A7ny3lyqq8IG1FNqoKgLq3fek=","zue3x7pnMXZJguKKJxG6dbg/m395rpW5Lq0zDPV+5fU=","zv1cFT9BGcLf8fg37tqJujaLLlDbf+ZE5/y8uKIFk8k=","Aj7P9Y8fT8maICB1wF2nodZHdDnr1jASVGeJvsuIWzY=","JlWn+hiDYepSwomVyOps4fljnc/LiWCEFnhbZcS8/is=","QHKPPQ0gMPAhqCOgBYzLe7DdmjDQRyVG9H2iT5y5xZk=","pNJQ1r57lPYj9BXdxwnmwb2UTYYA/u3eoCiwKtxkzXg=","d5PC0NKpmrBoByGtWFdX0aLRMuK73EOzEb6MRimRU9c=","woXC1QjtU4AFQ2og8v4E8D394N+z7aPeIXWeewjhSMI=","aBZOc6pYIq3OyUG7jYppUfXrtf28pOCq21YbfFvcq4M=","vhvzscMw3Up+mQLQfQqsZJ2/8VKRuWoELXnQ6Y1MG5Q=","iZ+qOhDLD4oAeA6KAPwrg5QLrsp1R8g4KV2UDnz/dhE=","a46uhPnSc1FqLlgsiqEXBwyki2R6jTcMip+XfSg2Ul0=","sFzlGCAB22hqa3Ewj81HTUiVHPTseRli4iqTS3796Bg=","n8r6s1zDk6V60Gbn6Bg+81XdEYGgk+0M+KgDtAHtEGs=","IFiLwMN4y7d7CmRteTW20VjwgnZY6wOJR5Zz2qLAhgw=","BzkzNUeE1KksPdSOmR5Byu+9ZdG55EzwDnM7LzgDYLk=","GXNqfLT9grejcC8M8x3Yti1wAfAG5Q2VWTs8TkLaISY=","O9cYu0j7/cV70p72byyTvroXxEaKYGkVMbudH67JnmY=","k1BIQ/sINsgj74gL45VRrOBTkE4LxK7zWaMvds/Sl7I=","AvkCJmgs8UoOk34T9xVMwlpMUsNPLnj1vMnNBEhMQcM=","fGsNaX3QOxF+ARWwo4s3M7wY7Z2HkBqV91O6lkIkvUU=","hiYd7IIbHVA7BOndSe5WDEQ0hTW46OOjNvxzdTYJbWw=","AxzHHxHnQ/vTgRNXbMQL3MjCAx73MSxWvyMR97cyY7E=","CLGN5NS1IGyDdbqBmdUcpQ6FEiLdwUCe8ioLEaSm/Ds=","98xbw628vnldH5sMbXcXKsFm8NCZ9AsmAQanpxYLMMk=","ycO9sX1nfpqwYXjb2VqkSLb1GqLi2K2JxPNB+LrIr88=","/xvEEAIWjOE9YCCb9qcjCfdbWXVtekDyBJCurYWVClU=","BYClLbwNH+v9YxprxUGtJxz24hPROJtqan+Z8nnRL3Q=","OP0gIqVDEiqYOBjcZr7kZ2q0WFeYu/jrsJhISAEuLRc=","J/m96m004TI2+fmJ0gFmO+FELq3w5tioy0hYv0EEM4U=","VdtkuJEhROWTFQY+JzgyOYqsEjI3HiNIPSuYZk2D+Xk=","AWTUXLVPsnk1o+285TcrkhLBzE6uPNJACGOXtzle1/w=","WKLGQ8TZyaNZI4y57Frgfvwxq08MOaWk7UGndYm7thQ=","lwh5w4MqATl1hEzyyNOX6ryBGNgKUG0F3fT9h2RFHk4=","sMXP0dEGVaMrG1lrGMsOe4qO4q0prtm1VBliDnKWYi4=","YzdZ8YYiPjz7b2ZLovesXOZxwGkOv9ynzk4MvupCHrI=","dskuX0YybEEoE2nuGpuIPAtFLyhkhiNsn3yjCBsH5Sc=","Kr4uZLznxVq6yUs1TkmgFvb1PYmkNfphRkQRUnR0Y7Y=","Rla30i9pSCJ4hR53siz2C99/vMUDnpMiib8D0xmUcGI=","+Hn/O+QSWOjj9Ax9/dt0TTc445p1Yf4evI3jmX9NeX8=","uxtXR4wUUt/qhv7rwIl8WX9ERcRx8dYSZAwWrE9CcvM=","porpj93NymnJTgFhhRsfov7xQTq1DNtnVFkWW8BrYqA=","HGn3SY/vmVs6n0UDglz+z2DDdRb5PiUOhQ3dm5SrGtE=","AFt1akdHYK0I6+6OxErhycxtNbfg9Z5ITgA3BYwLHYo=","EzgHm6NRNHcsK+JF1F1ziADo7QAJWDVx3p99q7dxLww=","a2O8f7rYZkws5qMnFalSdsvujAxDaVaFUJsKqROV7nE=","UKfEWd1gHaIOHRcOn6vwvDdoFjao/ilq7CJ7XjcwhsI=","qZEciG4l9tz8tfeUGPNjocB1sAHVuf2gjnKDQFVisFk=","XTGgPiDeTbFKD2rNDUdvGjSKu2FTVSobqixhgEE69lI=","0LP/xhNXYGxvzYgBtNsREt5L2EL5qy+Fp8QiLHEyTLA=","i5gqHsTNz6PLkesCf+2hzFkob511p6W57BiGhhv8rIY=","FfxwjLmms7Jebbp8pltAhsG3tle4lWb1TGFaO/iUsxU=","mIJkKSVC6YaXu09r6Mf/hKSdW9RVwxSkiTZ99WXRkmY=","O1Jg8PrLdr97h26TL0dcsw/TMJEAQnJT6g6iC7j7mMA=","TTyVwobWHYiuSW0H2qOVe1hUIeCnJH4u0MuvCQYfuYY=","iXH5RCgAuDzFerXxdsk7gH8e14M/uCJ5JNVLGCH2Bjs=","BFQ+4jMiBdhkjovWMDm6NBTyLLRZOLRTMBS4B4uHSZU=","2W8W5hGlt6c+HekRIxu/xUIYbHyAof75/vJSz1cNEs0=","kt/yDO/4sAvj5tHXqPjZLNCLYsATVTMzNRMAWlLf/i8=","Z/5BKJQTUKgJV6xobhj0k9ReZrLqBQTJfJ/reCfyClI=","KpXJnisaoy4I7p8UV/tjDbzLAoA4qHz8KDIAft8Oue4=","MzOyrY7cfU+v7I68Q07LB1h+9QFOKSuYGmGBWt0t0mg=","vkSyRX/jTPHsf/KUD4xPpIuZg8o1Db9z7yYgMuILSVk=","LsbkGM36bFRpcVf5DPB0QrGKSEccCl1LpfzypNKwxN4=","/hZ37VNZEUFfaigQgOfthp3IVlzurGbppdhQP+WsJwY=","/TSbwhQSgXStqRqJNAYTeW1q+xu2HCSb2+QxnR8YR/M=","cMvsvrSvzwnLaeuVQIpoHCWac0PZbRhmhsDk+F+4NIw=","RWyYvq525A7JgxDuernrttb6GVbIXRc8D2YNknv9M64=","DTWc61HLYZSpjx6GF1G5S6iWDC94kbim3sbMo0rPehw=","q551tbie7HryK7cO0v8oJkkTKfzo+5ZoG0tr7AZFJyA=","LN+Ofx43F76CLiKnPfQfKVxrO3eRolm3gcXNCFTcbv0=","uklt2JhMaSymDSWzfwhw3TFjDyM5QxVMJaBKvqUjfQE=","VWm3mE7meGa6jb0uvjO0CMq9fSXx9WVetEplglLit7U=","Ae7uNroRoI1zSnDnRFJTFncWjB7rlDn5LyUKAMvXfgo=","bsOpADJWgk76udMLQjWvHbfDpt/jSbr+R5MCRGr69eY=","CV1ka0aU5tMBpnHQr5aa1y3eYOLhe3a5StRrDOcDYVg=","JrnknbCLjDjvu8tSI8bXyI4Pjrm0wEZJAL4BuM+xlzA=","pRuT2JIbnjU/k3NLe5ESVVAt/qiWFiRGD4g+PqOiJYw=","+B7Uam/1BP9Sl1f8yztOQJQedDGfGmYOAsDrZWMDbPQ=","mMETLOzMLWe/pO8LyIomHWftLuOv9crzhnBUhO6yghE=","0zaWZtTqASo4OmOEuq2CqdtyDO90F4E9DD64/ZjVp3I=","EF2z3unv/mJg9W8HgTYe55l/ghCTCjnA4gN1V3hhVyQ=","DfL1sMZp14uh/Skkpvty1JWbTiYM4FCfeeY9p9Dp+AU=","uvY0uAGdts9LEgOMnQrWH8CtV+BCX/Y3TF7ejSIbKEo=","wV7XekqFyb43bIgJSXNQBwFD5hgPT8otkBy8sNSsf7M=","3cNz/8B07X4K9Kb2Sde+pEbOhNKQdElprSgFruRQfH4=","/fBXZiVUXjLc+ppfI6DsL5+cd6hyfJ5MijDMa3C0FUI=","tURFGSVZcjd82w7AQoGBvRFNB9XAgPxA1q/sFRGXWaY=","npRIK1oaV4FEaWi7MXjbpcrNKTVinnG3X34VzOXHFcg=","YNoyzi90bnwe34gmfoekBRrTDE2lvFDrD77Jm1O7dhY=","AklDi6oauiWVlMct9QMvbDV7+pcBRoXSFYBjawcwvwA=","s92O2AAmb/+KEr0GHLPusKug0v+0HsBlocvu2E94hPA=","o8hEL3Tf/qYrcq7CGEo8T/Dri1bb9ZrF5bz6DsrXSHI=","ogHgPnAzmlJg3+y+QSy/jhGSRfnfS6QXuIdae7a+2xw=","g/Y90FbxOxu+FcAsFnwzCcwixENhw/OSJLRllEdXEVk=","dNvriTLYZoBQ8Rxcb8A27OSB320mwV2IVxpNoBl8nXc=","gR/MHDs/J6AmWpTfxpDmmnDxaVWsPG3wbsFSrUbO5Bg=","Slr6zAgXRzS4xFZE8BRkytWLslIcWR/ivr3mjp4TyGA=","hW/5Rh2KlMy9HAva0TdvpmRV1mKrA272NCzUhCoNwGs=","2wzj6QbJeakgqqo36oUwf/kt0Q8YN4scjggjgW74mLE=","spwDyW2+D3SVibCLmOY08xLFBZMKf8KaU0xKgrVW75I=","nBgJxNiHvsi3GwcNZdIl0tsmTBXC0cukh8LpxcOrh70=","GFV7v7qZF+UUrrcx3CqKciN8it4Agvyk5G6vtAusCZE=","d6N5wML3LhwAESf3xSc23WuFDkM2gJJvwF2mfZFFrFk=","uuY5V/IYYGEUTIW1Jw+OTsO+V5z5Bnf/ih7G6h/B/IY=","5OdzngUxLh7z2K/O9el40F1jaZFU0pdJOasaeifyBQ4=","E3HXvCjfIPcRBkw/qug2olnuuNm5Q5UjBDYcTXY/aP4=","UEiinqEAcdlrJnOMes3mS00pQU3tZ0etIwvFEStXG9o=","YYHXoK7j3UPrNlko1Tok7nwE4AAhbthmytaWWVlovas=","MMynKfOOjgABIZZ3LwEMqhN5VowWlZfxbAJf33HjuQc=","oAgxs/v0XFWdhLZnTOEerlsHymeqTUWLBhHHX5Wgq7w=","+z8LJNae8EcP8XVjp1/tM8+YaGLrcjSm5y1cTrNds9k=","4JZNyHJYfPD82/v/OaJMgaiRafn34vD1mI4Wg6x6g7E=","t6jC1gAUzgR9zqYdsava0BYMyKS666C7R1v8pGvsBsY=","qy+qQ3BT4CR+f7humNMHfyQjpkAtKKVRjMmkaZT0VWQ=","EgtWueksy1OHAReeXSJ0OaIIhDW9fwc5mnJzuiae1lA=","ZqwMUpzspptbPmpK4dfqaFjSEQ71fvzGTaakm15m0rY=","448xp24DnKUFmkH3KdkAnTq461CUdwL0ogluz/bwjT4=","bs4v36s14du+TuB8dKy2oqujxzlNt1aVnnZRXJHKWjo=","iH12E1dvak6W6/b/mNavek1D35FsysB8cc0lRkl7kiI=","P5jaQ/B9r6OZrqH8GTHHnlWMLpCHknjrekp+yGGHT7o=","J6qgyvnhkgGqa4YBd/7KU1EKa5k+zk1cLbIyuG/5d00=","3iR06yPYuw4/EZ+n66bKJ90F/6Yl6iKsjgDmC5KWlNU=","NNhtlaiTbDRumsamnu35kCoeTKeUKicAh/UQ9pgtRo8=","zlpRF2vJe/siW87v1wBPpUhrSWYoeRKsHi3VX5Ku9f4=","O0CbBt9oteHCbxmsbLro7kamNPssfUNls/H6L9SxuDs=","jHmwCIKOA6E5rhdzejzYduRGjl/D3Z9GU/KyPjpw3M0=","TEvFxoA3Q/c2zHdqgIHCEqeiJlmF3BEaH4+XmpxkEHs=","0Ftep3XooA2F7Iw+r+NpSwNlg9e5Mf4/s5xrSrmEnrc=","H/0tG7KtU7rcPJu+Oy0d87PK30GKvsHIWuAGprUUw9E=","VH0XndA5OQAiKH9AI+v3Rv8EL8EhMbhudlCu/j+VlKk=","c7C59p704Kr8ECSxnczLKEAgw28MGnoKuU1AL+4XaxU=","jFay8gANE3CYwYJjN0cgmAtbYI7iJvK6pf1tC2ensIE=","aM91vJSb1yBBbjZZQyCnoZ0xWHEbPjV1aAUG5YXSitY=","d4GeqoAHFRZUuwPi1rTff9p8tiBvPl773wRpwXL1DIY=","zNxDOqM3EHTbybD3/L4k65jbQriEgFwerbxhQbtTrWE=","4ofWPIjy55VoZBX4RayiHmO3ZB/JO4MaHZzQ0j8nNPE=","8FK71e7mV5A5fu7q4MEqWr26qA1lH8HnOpBh0RIYu2I=","IamO+fnIpRRdvvCgDz1O9pggSJNwwwLqp5RlSAp91cQ=","jTI4hdU+bLC5DvSlZCQZ9+2IqTbxWAtaYQzTC24sFL8=","+yks/d+vCUZ7VRNuKuK6K56RtmYFDHMIpazWeHkYk/s=","Z33o2kDyDCZyJyLb6yUyFrCXJ/MOd8W6XQMkxze6PTc=","zVN3Aytge7UE9OWPHdY5LMHkxnKF1Q9na4WWgJDcCyQ=","n6bpP6TYERMww0u2qGxCUlwQB/LS7aka78+FUBt9XA0=","FvdTB7FHIwmu0ifnCWQrJnb4cG8G9yn5MduVCTMQDH8="],"block_size":4096,"path":"main.js"},{"block_hashes":["MepQ7mcpdXVMKUJ+BM5bmioeuy+UsMiv+EMC2f5lSEU=","Vwi2n0VAn0FDjYNNOIDXKhml9a6I1h8PKCSwItvM2xE=","g8WEgzdd3DVP+T/ZCwT/BlzVZqA0APf8GLH0FydqNSc=","fNhjxH9iTUH+BaRXduWZ1h6ghUsbdXwa1AZ2nnz3GGg=","yj7uP11ixn0uhEV7cWv8AkVDDRv8p4HYRn4riGSiL5k=","5daweCmgkgskIjw8fBhDqdw0So1d8dbSRfLk+yBKpbc=","PyBn8GkKq0xaJx/ruH428M6WuM8V+DAafJH1AUm6/WA=","jusz0H2KRkClBH0evULtVH8Jk8Jn06a8b6/gqE3yp7s=","zG5oaxRRkKWeoce8vzHq7EuizG9hIcDmsMntcHw2BPI=","VGt/hv5ejj7xuKch9axkQSpXw0D1vA++ZhcGKd8/WdI=","sHxbejzPFvP8hR/RO9/Ij01CvSshmksUwz2lllgKBT4="],"block_size":4096,"path":"polyfills.js"},{"block_hashes":["tcItxL2dVNLDNsZNP1YzVWGlrf4Qki3wuaADA7EVXcI="],"block_size":4096,"path":"popup.html"},{"block_hashes":["6z1fJgCRAXm++LBwkhS3xyHqZukuuzW8KCJkvrJjHq8="],"block_size":4096,"path":"runtime.js"},{"block_hashes":["ZcdLRhwOY1a8WlXBRThBshXmRWZcARRbkRU/oD3o+eY="],"block_size":4096,"path":"scripts/content-script.js"},{"block_hashes":["/UkOirlfsGiV+3T/65EB2/cWX9QwbyYl3gjDjCBLqTY=","Cn7e3uCcmW7pM73yO9d1fv1z3J+JyNSwFDhUtNER4Ik=","6hLL/ui0NXdhfv1+9JtfqWfBV2vIByy7e42CwnH4/e0=","YHF+RVPDzwx82rlVRB+Hvg7yh8ULcaRA+51weF2KzfA=","HRangKR0D2u4PocoIxRfoWztq7SxSaJ/44O675Gxv5I=","h2GpSvCuN3Qi7B3wAZ7i5WMlGTkw7ynB4IjIV0a5NRo=","2s3XqCDjcylTiiVcs3Tgbuvq/vQsJvrrKFjuMC+CMkk=","LHjm9qSgXqIq3phEK4NLbda9xCzHt8VUNuiPBwp3ZyA=","8BBtvfRUVbQ0ifYvZzp6/WEtildBUe1IOGHvqrS+Jzw=","wze36dSJDj/owsfK1dI1TvTTLD0ZdNKwlOTcKhmfkjg=","dWKAXjY6wME5TwhSu305eEETUcHUnVzPbcSGEsl7Hso=","HapH6r7gqhwy8hoZ2u65/u2LvAuv+A/JdEUve0mdpaE=","925ZxtZu0IlvFfyMBsjLJ+3gUdxMB2jZhx0qaU9H1Qg=","Gf4Y3d9h+j63LN0S1g1LoWcfzlgR4U/QOKdRsZGiiyg=","xIFJo1g5Av/DT3gWWlPNAsksXId9VtNjO9iYsu3L9f0=","rJlXeVBNQ7mPAxYfSNGwn451NerLmirpqhTwQFjvbLY=","XyBZ8doXlkKH4PyjMDc1vPXR9mk0pvWIzudkC0+0kXI=","hXz0slfUikv8xBixt7QK8SLnTzPmPIcxqcAT0d+Fbgc=","z4Zrv/ZUtooYyzjxCoZFpfUFk3rncDQU07qItbr+fag=","bG4PSz4iHvkx5kbLUobIKb/gJvNhas6UPSEGjzbcSd4=","xTSO377mCug/Km126CgcCUQ22ODrz59QIHX/p6+8DXw=","S7HGD72vIP3PZ0+1nOg2c/SuT0+ZyT6drMQO3ROvLCo=","motxAbgVgV8b0z4hfhAG6out2wkXuqDrwz6BSuQfpuQ=","evRxXPYN08GdcLOb/jR6q2+kbZmnDSLYReJnHalzzvI=","jTmgynyA2UGvfCcBrTglUG7xAMPFSU6z6jES4hNyrO8=","7TXf3YNjDoy1qThSjoF0yrszl+zU6cblHD2j7twV6OE="],"block_size":4096,"path":"scripts/event-page.js"},{"block_hashes":["NyYwUv85MMZih2ZRfE6CPFvrb7jGX7UDJMsgn0OTviw=","m97o2f1roczrNieweMpBeUAUPlDRmfrrhBs3bi9MBWU=","AFr7MehoRRW08j2kOENPdKmqrQno1kMqrWtiF6CvYVU=","5ARSAXqAtmTn8RJSg8vXdjUWZeFIwFM46OWVFD2uMnM=","7NjRXB//SljpNrCrwgvLXJa1NuKAUJ3uDLRODB7mvlE=","gmWfxZW88dEH62McNGqQqsITlLppwKEwJLyynYldPrc=","kO7ZcofoyrA1foR8DZKgK5aFWMByXoGE35sJj1fjTgY=","kJliA2l7m7QjIkkgZlx6nryd/GkMHyOsDfLrDiJ8c1c=","un+x0sXbzhsk19fgPEuX3zXDGvmNF1+nYQVi76TKFek=","v0z5pIpq4eOkQ6UNjuQ8mt+wEotRO0BnJ6rvTUSoE50=","psFM2MunEZXJc4uBsFsRNoWB3eVtKGyjk2pPVEmk6Yg=","EftxBokuPNc1aLu8QLmGL789kaRxCiscykmfN0PFHIs=","xo61+Brw04yRhPkGjhlL8sOEX+RRp2Q84HxceC4BXQ0=","hkb9s45gTNKK5YqMm1ongo9TXbOUGlE/x0LPMdv3YVU=","ovq4jsw+xKbBXdCstRpIGAXJU8h9O4dIdyxQimid8Ys=","RHsZdu8DM8Kg1wHKPG8s/7to7jTImxIOki839KZZm6Q=","2rbagBDVcwt52HsavujhJkhdxVAOu+DFYyR/AfJOb0w=","5MxLjluU8k1MDgefJG4DVUXsCLHuhAC+aAkBtrJ519M=","ZELLae+VdfL4SQB7RWIxZxwCRF3WqiMe4S0aLzTP5n0=","J5UGl/A42LNrrSSnkNAAaGkYEqxtVTU33WqS0Bp3pKc=","vsWk/L+/1ExlTLBgMv9MTds/U0DNrAOiASerdGInakE=","AAOoscHuKmsG9ztLi7mkIAupKjnSTdK+KllH8zefWTA=","g9zrxzQ/nX0J8VgGrnqrAkcdT0nc7eMa3PbrQySmg2g=","SnwoU4D26ImIeiiSxlBw04iOvXz3HyggHJ/BfATqwu4=","nLKgqr6He6S7JwYDZENd8L5aHlwXuJAuhmdH5piCDeQ=","m+il7bpmLZRSQxIVuWAUzzA/2jkwDDAIzc5fScJm/qA=","YF24BAGuEWu2At4s/LXsszMNOjcCtWZXe/5pQbUkT90=","DOIJ3gEiIayFPjfjTAA3Oaolc+MKjqZnkS8cUl6Hh64=","aqxuEp8EmMORr4ZReXm0ZAsobO6+NECDOjtblvd8loI=","KTLQDihIzFUhYCfgnbD+6HnMPtbODnjIMbjSfR+94eY=","MHGV2JjjOAAlOcVVCO2JIi4gz5oZgBEj/0kSVuxwtqQ=","bWndjnijSi3nW2IKFbC22j7k5fWJvWp5fYpoJOIA6e4=","EOLzF1BbFQauI6/r4TUNHd0xfbJlo+46cUD6g5AsIvk=","HXnI0aA++VceOVld45gYbnP2gu2ye3YTzvp4ojPGUA4=","coP3h6AD3E9FqgUiBMO52DFaUaf86S4hUb3Bwzix6Oo=","6H0whxrNs7198yhl8QOHmdSi3DuJ5vGPAGhxwWrdoVA=","X7yn4l58uo+VQSWNp94JdpknZ4sLhBw6jMbxQQDFO1I=","PIcjWSxyKFVhpj+gZXgGNKQHgOKLS4hIug3Xfh08H3w=","slaATvCxQdmf5qX0J8OGvL+FAcXzkpajlPTNn44AQ58=","Q/fpMyf/98SY/6ZPri5g2tt9dtSphfPOeTZrRPCKPD8=","Oj8i698hkLAkWK4f+NxvVSq338cCOsdumhwbDYs8elg=","l2pFGkS+rwYwoCC0tdHsbKV9nB1eozBF4BzCJh2Wb4I=","xKCFI5tldneNKj9IbLnOJoLy1P8UDgiwslXeKQG5T04=","Q5yffigCjBPt8ZsxtSyfX8XJ4o8Y5fyPs+tU+tI6r/8=","ytle0AfaPRidHwdSQS6YCRu6d6sCN6n0Ri6cOzyJLns=","t9if66Q3m3un8hNMxf77r55BvE3UunbThvouQW3Io/g=","S6hMTobE5oDYEqGpStyvw9SqdGYZYIdCsxZ4FM7EQkw=","LChjwHtPyB2KQyrd6sbowPp0Xn627Gk3CjapJg+kcw8=","bZqxdZtbBqYEJ9ahBgz4HpbDRLPowMtIy/ezBXUfZow="],"block_size":4096,"path":"scripts/forge-cipher.js"},{"block_hashes":["XSf0uTtegyM/Wfo9q4aYDPhUMV7PN/JV9swaMsbhFGg=","VFxVD2oc/7S2Pgs4VU+SokskoLPN/159JztlVpEt+/M=","HO3adsgWA5/iTHcjkhnhEnS2QFKnGgiNH8fIJC1nub8=","BgPUBkex8naqxO/w0zIWK5Sk164V0SLyBKHOAtlK7jY=","uBj76wyjOUkOyMj0xcQPS5MUm7yFBaEId/oz/KcLFGs=","AmXw4kvGIrfCAVqxMXQhhAu6faTGNk3xQXTZuKZFHRw="],"block_size":4096,"path":"scripts/lib.d.ts"},{"block_hashes":["efJ13TZKJj9A4nUycGmTtcoiHVaQaO1K7neloh3VYnk=","93t5H2NS80dHLy8Y7ViLBlXXFZHeSJitGrZi2cYrbVM=","Okc+o5HBpIGnZkzLQHhhQDSOokrKd+wLLHzBN8S8arw=","KZuzd52UuCX1j5ORv0UuoJLHh49YtQWkPgyFTncoXlw=","/IgH5OK1g1X46bj1bHppHftXskFr1WEbW2saSbhftE0=","O9lBK5DZhOUIdOyEwwWfyZHcyt3iSlIzcaGdp/cU81g=","3X9WXBHTcO2qIA2QSEGEEH9556LmOHia6CHNKV22+u4=","ZwWNK+ucfXSEc9/9iHssKg59C7Y4ofSuAIZLpxBH1x0="],"block_size":4096,"path":"scripts/lib.js"},{"block_hashes":["kaesOIxinYoWhVIcNqypsvKabDt2imUzXqiRRwhe7R4=","Tgur5t+o8KYeDuuVDvs5dUv7k9R4a6mgl7cf77HOVGs=","NSDYtRLy4D2yd8oOFL4YZP4Y9b3ZjpMnhz6Lpx1bmK4=","KAqAB7TlOgfrxH7ZLSYgrTJz9lSTGUibvEB2+AlsSZ4=","1gcuDPhxyw2XVypHJWoHSrZAvG3zI7X2hlDdgE6ebu4=","+6YHY/9A5yprYzjrQfj5d+VFDIdjSFLQC1hjrY3qj0g=","Xe7/9hLVMVhae2I69NLyqS8Jqd0CCzoBsWfAaPO+cJk=","yWTZoK/3jpqB2H2+0sBBp855scZpPGD8iTjdeBxNduE=","wPB4Gc6K3X49QFVLyorrMS2KMH0EIbowFjLIlx+fNr0=","YY7PCQ8gurJiejXngda1uyPkgcYfSmzWzWTsrLnrbq8=","shAkJxMpEOt6ClbgFAXGkb/T2iwMNq4Yc8+xbdeMarA=","vn3n7vYS3HUxnN9nlguTiT+tpsxkrnGNz1eXh/y23+M=","TZo1hhUMFyJ0bd364XF8xGuhCOg2jzkOUySjj3HwfCw=","adSX+oKVVGZMUAnBX5CHLcYRQwPgzckPbx+MiOI8d/w=","za8HdjCWrceJ4X2oUP7B5pwhTOQksSJkE7yieBUiF4I=","vE/jBTp4gE5PhpPvFOKpTtWc9JaCPIrT/mzv81DMPos=","MZYkfNH1TEuhxFm/+XAHgGFW9Ock9dzorw+1INU2tKU=","8dT1jtbnLlsAUar++Kk4L6k8eVUQzUsFK+6s+Q6Dpts=","H9Z63SQpBBz5T4FJ/kapni76p3c0ehXxOJ+VJwohaJA=","/MPzDXpYGyX6PV7s95Lj9QIyduMc/tFdoYvHWDpyORc=","O64aI9mVT5IHAAur8eRUN5ygJ08loaMSC1CNu/T9pCI=","NicO8XMSgppw69BbAn2PNxtlFEo4GSxcVQPw5NOzQzA=","2VMmkw1MWiBmcZQuqWDeTaxyffqHBdVDZ5RomJ+ncDc=","QKp0BbqvA5Tc9gbI/4b6eCxEML35OB7tq8RgEc2Y0N4=","J5OUkGpx/YJx67rhIlCOfLW4hXL/D5kKlA2DqqP8VH8=","ibuqCDyyj6nSFH/6nqdavOdkqqWMeDCC0fLNQHmuKLk=","hADt+O1MVjdc5NxI01s3JDYtxEXNpX0hYXR9tWO41LM=","nsMB+xbz/fiXXwVNKDxYissrMrki1Tj2Fak9SO4aq9g=","WgdJyt7sJRBHl85R9cmMFiMUJlQr5nqftJYPo2a+/N8=","USUVmItWzGEGccQJVuwGqixZl4uUYQPq1ghwpDMwdj0=","eVSOjsE7Dtr5jz6Xhhhjn2hNHXvJiOLwjSbnvkLoXWI=","IeS4NKRypw0HkGJOBh33mm5LtbpWVr5Isk1qkh5Ovlo=","PCawE5FkCIHp4EhbD0VgDOx+7VsYp7mDyUrNXtgJ6Sw=","RbtdmoYIjtsLSN5VWyrM54piHUWlTF0f63jfFBOiYGA=","02coaUQyxFZzA5LwIyLocACybdQy/6yp0yIdoEz4WXA=","HlLhernbhqsS0okujpu6GRKnlVEmhaiGkhUmHx12lCw=","u7+olVgva4Kcl4D2FRxMI3hV2COs2udS+kecV1/7zgA=","C6GJSE5P1sfOLXS9BqEh3KcmtLV0W4qQ7vq9pGzwv6A=","duZi0ZCZRF25rvAqZIWQbzxvX2tIt/Bclrb4oklZiWQ=","GuNUvJmQOgwItOhSVevER28T15fGlhLZFwKZO/S6Y7Y=","36PbXingrWRdUnMQy96QNkmp3Ry/j5htJTgWWPubE5E="],"block_size":4096,"path":"scripts/signalr-client-1.0.4.js"},{"block_hashes":["BjhAR8gDLShsKgn2L9pj6z3BrV6EO3Esy8xk6MrppI0=","Qa7Y1kt2m/1EloFhs/TOS5FXoHossoY7KMZv8CDVlZM=","LQnNHS5W+18se9UxcXEOipwSCorbI9pFdpci/Gg41/s=","7R4kKPWlXu+ztgQH5wjUXKvuSNiK9MS7mtZTkFvaYKw=","VX0rCafwCLU5o5NW20uObKjdrnsLkdrC56lfjFzJE1U=","29NPI+PLIPoBja/C9HXARhfGFThUoSNAkp2Hhs+bQ2g=","/Te7CYJkARCv2/q/mdoUdHFkWXi/ZRcz03TeLDv2sg8=","LpDsVAcT6SbcdLaKuJYqZIaA2/2AS+l1YP9Kx+CiMpc=","wCU6Bf5SL8SBS6EC/SzWUo1QV3xrDCrTejqhJYiCzD0=","pVRD98FfFHr49P36ncDkb5vaJffCdjUa1bwNmTfgDZM=","YydZ1qqfKV/9pSCb6pZuGwyfOgYsmcPyOZFUpIqbIR0=","CJ99If5VajJ8a9DoHY7rs60IPujRsXwnsTJGhdnXg8M=","bRmBIMkzC+4/Rq1c2IFrP6EGXNL8WaKMLG0eIBzEUGo=","RVyypOBmDfW7mnRaTI4ogCH1d18OCvLyOJkiwQM0LRU=","oN0Eg0w94CxR6KJT1xL/mFUyZmkYc8Nx8Cr3JQEAsrw=","TEFUnsAvzrsXuf9V5kHWwYBjYhj7jZfOjfvlyWPXqkM=","xpxfokzelXTu7yqT6G1U/phzsDFkXMIulWRwHiwEurI=","zg93nvuM8G3vwLhsE/Fi/cHFkPll1GdNgJ/0eT77l58=","BI72vce9ruM/YqMVWN1X/XmJ0QyjteUdWZfSK+nauU4=","2A8IwzC/ROkF8HyZkop3rnZwjyuwwye50Y+wkwTQvJ8=","7LTHFdKb8njwPARhu7NmgE9+cVPV3LzCP7O5ALzafYs="],"block_size":4096,"path":"scripts/sjcl.js"},{"block_hashes":["vfq6kSULaUMqju6i+jCg0l2HiwcDknDn2UoyJMSibNA=","JX7kpvTuMR0HTHEy2iT0ygdCIqX/lTre57B37xV71G4=","gN7CAB+/HeL7mCEeycTQbFM/Z68/0jTBfmkRmVWKwyE=","6G7T8dEFzSgaIhSm88NSTn+AD245SEe0tJr1plTmfbM=","JovmLR/M4zecOhvxfxUpN4UO+9y+82tL2KvgjN0SaKc=","TBy7KoMj3CPc42U+D9d8gqoEG1TRI8K2gTKQASPzzS0=","NTX8zDuSG8isFKRdzfnnNhK7+xAsAli1g/efZL93aTc=","szdpxfEqb37FjZG5KhxkUSv03sX9VMvqKQ4dzxVAwC0=","XzUMcnEWGghx7ym+IXXRoCi4nQHobm/IPUoE9xRQKyM=","ES3buV+Zy2dNBuVBaVsy+KO14K9VH0NFv4Ia7U5C488=","2/pSrWkvDFlg9mMYhQQmdtycOG3pHmPQRsSghkkg01M=","p2LdFViLW80vm/Yo90M6T9KN8RXpXDU4oGkJ/GIfrrw=","kuDQ2RnezKPFTnBQN/RyiR8xLhqCPBumglp/3ksrUL0=","lZnitHijS8MX6JyssLQgtebD5sYymvxZvhcfdS7hM4s=","66xE+cHdMxqNtZ45SRpLBvwseRydaLNVIxr/3dJMe3Y=","4T+6rSYVVIAnSf8sCBeV4XYu1VD7obGhHOvmDY1tmJI=","IZ8ieu8RDcIarTt1TUG3EHHlEwtVdHEeSBfWI6hJjgU=","5pPNzUXGa8ingU0bfrA5QnXrFp0bc/EDLPTo8rt/tyY="],"block_size":4096,"path":"styles.css"}],"version":2}